athlete_name,country,status,dob
Abdelrahman Mohamed,QAT,Active,
Adam Laszlo,HUN,Active,
Aflah Prawira,INA,Active,
Aiman Al Qasmi,OMA,Active,
Akos Suli,HUN,Active,
Alberto Martinez,ESP,Active,
Aleksandar Ilievski,MKD,Active,
Aleksandr Astapov,RUS,Active,
Alessio Occhipinti,ITA,Active,
Alex Meyer,USA,Retired,7/5/1988
Alexan Martinenko Spiess,BRA,Active,
Alexander Studzinski,GER,Retired,
Alexandre Finco,BRA,Active,
Alexis Vandevelde,FRA,Active,
Allan Do Carmo,BRA,Active,
Andrea Bianchi,ITA,Active,
Andrea Manzi,ITA,Active,
Andreas Waschburger,GER,Active,
Aquiles Balaudo,ARG,Active,
Arseny Beketov,BUL,Active,
Artem Mamushkin,RUS,Active,
Arti Krasniqi,GER,Active,
Artur Pedroza,BRA,Active,
Athanasios Kynigakis,GRE,Active,
Aubin Coccordano,FRA,Active,
Axel Reymond,FRA,Active,
Bailey Armstrong,AUS,Active,
Balazs Hollo,HUN,Active,
Baptiste Colmant,FRA,Active,
Bertrand Payet,SEY,Active,
Bertrand Venturi,ITA,Active,
Bozhao Zhang,CHN,Active,
Brendan Casey,USA,Retired,
Brennan Gravley,USA,Active,
Caleb Hughes,GBR,Active,
Chad Ho,RSA,Retired,
Chak Fung Lam,HKG,Active,
Cheng-Chi Cho,TPE,Active,
Ching Leung Sunny Poon,HKG,Active,
Chip Peterson,USA,Active,
Chris Deegan,AUS,Active,
Christian Keber,GER,Active,
Christian Reichert,GER,Active,
Christopher Jedel,SWE,Active,
Christopher Mcglynn,RSA,Active,
Chun Hei Bryan Leung,HKG,Active,
Chun Hin Hui,HKG,Active,
Chung Kiu Yau,HKG,Active,
Clement Batte,FRA,Retired,
Clement Kukla,FRA,Active,
Damian Blaum,ARG,Active,
Damien Joly,FRA,Active,
Damien Payet,SEY,Active,
Daniel Polishschuk,ISR,Active,
Daniel Szekelyi,HUN,Active,
Dany Pedro Caille,POR,Active,
Dario Verani,ITA,Active,
David Aubry,FRA,Active,
David Brandl,AUT,Active,
David Castro,ECU,Active,
David Farinango,ECU,Active,
David Heron,USA,Active,
David Huszti,HUN,Active,
David Lakner,HUN,Active,
David Pouliot,CAN,Active,
David Sebesta,CZE,Active,
Davy Billiau,BEL,Active,
Dean Hoffman,SEY,Active,
Dimitrios Negris,GRE,Active,
Diogo Coelho Jose,POR,Active,
Diogo Villarinho,BRA,Active,
Domenico Acerenza,ITA,Active,
Edoardo Stochino,ITA,Active,
Edouard Belanger,CAN,Active,
Edouard Lehoux,FRA,Active,
Elliot Sodemann,SWE,Active,
Enzo Roldan Munoz,FRA,Active,
Eric Hedlin,CAN,Active,
Ethan Phullips,CAN,Active,
Evgenii Drattcev,RUS,Active,
Evgenij Pop Acev,MKD,Active,
Fares Zitouni,FRA,Active,
Farid Zitouni,FRA,Active,
Fausto Emanuel Brondo,ARG,Active,
Federico Salghetti-Drioli,SUI,Active,
Federico Vanelli,ITA,Active,
Fernando Ponte,BRA,Active,
Ferry Weertman,NED,Retired,
Filip Husnak,CRO,Active,
Florian Wellbrock,GER,Active,
Francesco Ghettini,ITA,Active,
Franco Gamarra,ARG,Active,
Gabriel Pouliot,CAN,Active,
Galymzhan Balabek,KAZ,Active,
Gaspar Andrade Budino,ESP,Active,
Gavin Akbar Dharmawan,INA,Active,
Gergely Gyurta,HUN,Active,
Gong Cheng,CHN,Active,
Gordon John Mason,GBR,Active,
Gregorio Paltrinieri,ITA,Active,
Guillem Pujol,ESP,Active,
Guillermo Bertola,ARG,Active,
Hao Han Wang,CHN,Active,
Hau-Li Fan,CAN,Active,
Hayden Paul Cotter,AUS,Active,
Ho Yin Kwan,HKG,Active,
Hugo Saillard,FRA,Active,
Ido Gal,ISR,Active,
Igor Chervynskiy,UKR,Active,
Ivan Enderica Ochoa,ECU,Active,
Ivan Fratic,SVK,Active,
Jack Brazier,AUS,Active,
Jack Burnell,GBR,Retired,
Jaehoo Cho,KOR,Active,
Jaehun Park,KOR,Active,
James Otley-Doe,AUS,Active,
Jarrod Poort,AUS,Active,
Jean-Baptiste Clusman,FRA,Active,
Jeremias Munoz,ARG,Active,
Jia Hu,CHN,Active,
Jiabao An,CHN,Active,
Joao Nunes De Oliveira Frias Duarte,ANG,Active,
Joaquin Moreno,ARG,Active,
Jon Thomas Mckay,CAN,Active,
Jordan Wilimovsky,USA,Retired,
Jose Ignacio Ravagna,ARG,Active,
Jose Paula Carvalho,POR,Active,
Jules Wallart,FRA,Active,
Junbohang Zhao,CHN,Active,
Ka Lung Kwan,HKG,Active,
Kai-Wen Tseng,TPE,Active,
Kaito Watanuki,JPN,Active,
Katelnikof Alexander Dawson,CAN,Active,
Kenessary Kenenbayev,KAZ,Active,
Kirill Abrosimov,RUS,Active,
Kristof Monori,HUN,Active,
Kristof Rasovszky,HUN,Active,
Krzysztof Pielowski,POL,Active,
Lachlan Colquhoun,AUS,Active,
Lars Bottelier,NED,Active,
Leo Ouabdesselam,FRA,Active,
Lev Cherepanov,KAZ,Active,
Levente Selmeci,HUN,Active,
Lijun Zu,CHN,Active,
Logan Fontaine,FRA,Active,
Logan Vanhuys,BEL,Active,
Lok Yin Law,HKG,Active,
Long Cheng,CHN,Active,
Lu Liu,CHN,Active,
Luciano Segurado,ARG,Active,
Luiz Gustavo Foratto G. De Barros,BRA,Active,
Marc-Antoine Olivier,FRA,Active,
Marcel Schouten,NED,Active,
Marcello Guidi,ITA,Active,
Marcus Herwig,GER,Active,
Marin Debril,FRA,Active,
Mario Sanzullo,ITA,Active,
Mark Papp,HUN,Active,
Marwan Elamrawy,EGY,Active,
Matan Roditi,ISR,Active,
Matej Kozubek,CZE,Active,
Mathieu Mathy Ben Rahou,MAR,Active,
Matias Aguirre,ARG,Active,
Matias Diaz Hernandez,ARG,Active,
Matteo Furlan,ITA,Active,
Matthew Scott,NZL,Active,
Maxime Gagnon,CAN,Active,
Michael Brinegar,USA,Active,
Michael Mcglynn,RSA,Active,
Milan Bukovics,HUN,Active,
Milan Fabian,HUN,Active,
Milan Julianusz Imre,HUN,Active,
Mingyu Lu,CHN,Active,
Mohamed Moselhy,EGY,Active,
Naim Mokhfi,FRA,Active,
Nattapon Intaratchaikij,THA,Active,
Nicholas Rollo,AUS,Active,
Nicholas Sloman,AUS,Active,
Nicolas Masse-Savard,CAN,Active,
Nicolas Provenzano,ARG,Active,
Niklas Frach,GER,Active,
Noel Novoszath,HUN,Active,
Oliver Signorini,AUS,Active,
Pablo Le Corre,FRA,Active,
Pepijn Smits,NED,Retired,
Peter Galicz,HUN,Active,
Philippe Guertin,CAN,Active,
Pol Gil,ESP,Active,
Raben Severin Dommann,CAN,Active,
Rafael Gil,POR,Retired,
Raul Santiago Betancor,ESP,Active,
Reilly Kennedy,AUS,Active,
Richard Weinberger,CAN,Active,
Riku Kuwazoe,JPN,Active,
Rinel Pius,EST,Active,
Rob Muffels,GER,Active,
Romain Beraud,FRA,Active,
Rui Meng,CHN,Active,
Ruoyu Wang,CHN,Active,
Ruwen Straub,GER,Active,
Ryley Mcrae,CAN,Active,
Samuel Matte,CAN,Active,
Sander Paavo,EST,Active,
Santiago Arteta,ARG,Active,
Santiago Enderica,ECU,Active,
Santiago Petrucci,ARG,Active,
Santiago Reyes,GUA,Active,
Saurabh Sangvekar,IND,Active,
Seokhyun Park,KOR,Active,
Sergey Bolshakov,RUS,Active,
Seungho Baek,KOR,Active,
Shahar Resman,ISR,Active,
Shai Toledano,ISR,Active,
Shuyi Liu,CHN,Active,
Simon Bachmann,SEY,Active,
Simon Huitenga,AUS,Active,
Simon Lamar,USA,Active,
Simone Ercoli,ITA,Active,
Simone Ruffini,ITA,Active,
Singha Chau,HKG,Active,
Siwat Matangkapong,THA,Active,
Soeren Meissner,GER,Active,
Solomon Wright,NZL,Active,
Spyridon Gianniotis,GRE,Active,
Stanislav Redko,KAZ,Active,
Suebsakul Kumton,THA,Active,
Sushrut Suryakant Kapse,IND,Active,
T C Smith,USA,Active,
Taiki Nonaka,JPN,Active,
Taishin Minamide,JPN,Active,
Takeshi Toyoda,JPN,Active,
Tamas Farkas,SRB,Active,
Tanakrit Kittiya,THA,Active,
Theodore Smith,USA,Active,
Tiago Campos,POR,Active,
Timotius Mulyadi,INA,Active,
Tobias Patrick Robinson,GBR,Active,
Tomas Peciar,SVK,Active,
Tsz Ho Tsang,HKG,Active,
Tzu-Cheng Liao,TPE,Active,
Ventsislav Aydarski,BUL,Active,
Victor Colonese,BRA,Active,
Victor Johansson,SWE,Active,
Vit Ingeduld,CZE,Active,
Vitaliy Khudyakov,KAZ,Active,
Vojislav Sterba,CZE,Active,
Wei Jun Su,CHN,Active,
William Rollo,AUS,Active,
William Yan Thorley,HKG,Active,
Xavier Desharnais,CAN,Active,
Yasunari Hirai,JPN,Active,
Yohsuke Miyamoto,JPN,Active,
Yonatan Sharon Rosin,ISR,Active,
Yosuke Aoki,JPN,Active,
Yunze Wang,CHN,Active,
Yuval Safra,ISR,Active,
Zhongyi Qiao,CHN,Active,
Zi Ce Pei,CHN,Active,
Zibin Zhang,CHN,Active,
Zoltán Drigan,HUN,Active,
Daniel Delgadillo,MEX,Active,
Matheus Emerim Evangelista,BRA,Active,
Martin Carrizo Yunges,ARG,Active,
Nikola Savatinov,BUL,Active,
Nicola Tempesta,ITA,Active,
Andrea Crevatin,ITA,Active,
Chin Ting Keith Sin,HKG,Active,
Tien-En Yang,TPE,Active,
Ritchie Oh,SGP,Active,
Yu Sung Chen,TPE,Active,
Chia En Hsu,TPE,Active,
Luke Yu Yang Tan,SGP,Active,
Tsung Bao Lin,TPE,Active,
Marco Magliocca,ITA,Active,
Stefano Parta,ITA,Active,
Ziyang Zhang,CHN,Active,
Lupeng Liu,CHN,Active,
Yunnan Wang,CHN,Active,
Araya Pumchitamorn,THA,Active,
Jaime Arevalo,BOL,Active,
Hector Thomas Cheal Pardoe,GBR,Active,
Pasquale Sanzullo,ITA,Active,
David Betlehem,HUN,Active,
Sebastien Dureux,FRA,Active,
Franco Ivo Cassini,ARG,Active,
Enzo Kihara,BRA,Active,
Jan Hercog,AUT,Active,
Jack Wilson,AUS,Active,
Sacha Velly,FRA,Active,
Daigo Wada,JPN,Active,
Ahmed Hafnaoui,TUN,Active,
Mohamed Khalil Ben Ajmia,TUN,Active,
Matias Cordero,ECU,Active,
Grgo Mujan,CRO,Active,
Dimitrios Markos,GRE,Active,
Bogdan Petre,ROU,Active,
Vincent Crooijmans,NED,Active,
Ous Mellouli,TUN,Active,
Sander Crooijmans,NED,Active,
Tameea Elhamayda,QAT,Active,
Diogo Cardoso,POR,Active,
Phillip Seidler,NAM,Active,
Johndry Segovia,VEN,Active,
Malek Louissi,TUN,Active,
Diego Vera,VEN,Active,
Krzysztof Chmielewski,POL,Active,
Henre Louw,RSA,Active,
Christian Schreiber,SUI,Active,
Mattias Glenesk,SWE,Active,
Rodrigo Caballero,BOL,Active,
Maximiliano Paccot,URU,Active,
Felipe Lopez,URU,Active,
Matthieu Magne,FRA,Active,
Aaron Elias Schmidt,GER,Active,
Alexandre Verplaetse,FRA,Active,
Polat Uzer Turnali,TUR,Active,
Ahmet Buraki Sik,TUR,Active,
Mehmet Efe Yilmaz,TUR,Active,
Emir Batur Albayrak,TUR,Active,
Atakan Malgil,TUR,Active,
Yagiz Efe Ari,TUR,Active,
Kristijan Stojanovski,MKD,Active,
Bora Tokcan,TUR,Active,
Riccardo Chiarcos,ITA,Active,
Marco Inglima,ITA,Active,
Ziv Cohen,ISR,Active,
Yoav Parvar,ISR,Active,
Yaron Mantin,ISR,Active,
Yuval Krelman,ISR,Active,
Oliver Klemet,GER,Active,
Zalan Sarkany,HUN,Active,
Linus Schwedler,GER,Active,
Ben Langner,GER,Active,
Dylan Gravley,USA,Active,
Bruce Hanson Almeida,BRA,Active,
Mark Kovacsics,HUN,Active,
Haoyang Tang,CHN,Active,
Joshua Brown,USA,Active,
Aleksandr Stepanov,RUS,Active,
Eric Georges Brown,CAN,Active,
Theo Druenne,MON,Active,
Danie Marais,RSA,Active,
Kirill Belyaev,RUS,Active,
Fernando Betanzos,MEX,Active,
Wilder Carreno,VEN,Active,
Denis Adeev,RUS,Active,
Arturo Perez Vertti Ferrer,MEX,Active,
Amadou Ndiaye,SEN,Active,
Zedheir Torrez,BOL,Active,
Cristofer Lanuza,CRC,Active,
Idan Mordel,ISR,Active,
Tsz Fung Tse,HKG,Active,
Fabio Dalu,ITA,Active,
Martim Carvalho,POR,Active,
Hugo Alberto Ribeiro,POR,Active,
Abdul-Malik Railoun,RSA,Active,
Adam Pinter,HUN,Active,
Adrien Pezeron,FRA,Active,
Akos Kalmar,HUN,Active,
Alejandro Puebla Martinez,ESP,Active,
Aleksander Lyubavskiy,RUS,Active,
Alexander Cooper,GBR,Active,
Alexander Pichler,AUT,Active,
Alexander Wildenschild,DEN,Active,
Alexandre Valdagua Coutinho,POR,Active,
Alexis Amory,FRA,Active,
Alon Lerner,ISR,Active,
Alper Cagatay Ustununal,TUR,Active,
Andrea Filadelli,ITA,Active,
Andrew Edwards,CAN,Active,
Anthony Mercury,FRA,Active,
Anthony Siou,FRA,Active,
Anton Evsikov,RUS,Active,
Ariel Freiman,ISR,Active,
Ariel Korobov,ISR,Active,
Arnau Honrubia Cerda,ESP,Active,
Alexandre Lages Brion,ESP,Active,
Alexandre Lindmann,FRA,Active,
Alexandre Mouilley,FRA,Active,
Arshak Hambardzumyan,HUN,Active,
Asterios Daldogiannis,GRE,Active,
Aurélien Latapy,FRA,Active,
Axel Parisot,FRA,Active,
Baptiste Decamps,FRA,Active,
Baptiste Kukla,FRA,Active,
Bar Soloveychik,ISR,Active,
Baris Ahmet Yosmaoglu,TUR,Active,
Bartlomiej Kubkowski,POL,Active,
Batuhan Ecrin Pinar,TUR,Active,
Ben Kaplan,ISR,Active,
Benjamin Lortie,CAN,Active,
Carl Goransson,SWE,Active,
Carlos Garach Benito,ESP,Active,
Carlos Quuada,ESP,Active,
Charley Iriart,FRA,Active,
Chris Hisheme,ISR,Active,
Christian Willem Kriel,RSA,Active,
Christopher Bryan,IRL,Active,
Clement Cabioch,FRA,Active,
Clément Habasque,FRA,Active,
Clil Halevi,ISR,Active,
Corentin Gouezec,FRA,Active,
Eric Villaregut De Mingo,ESP,Active,
Amaury Rocha De Oliveira,FRA,Active,
David Kuipers,NED,Active,
David Ludvik,CZE,Active,
Davor Petrovski,MKD,Active,
Diogo Manuel Marques,POR,Active,
Diogo Nunes,POR,Active,
Dmitri Titov,RUS,Active,
Moshe Tzur Dvir,ISR,Active,
Edouard Visbecq,FRA,Active,
Eliott Prybil,FRA,Active,
Emanuele Russo,ITA,Active,
Enzo Oumailia,FRA,Active,
Enzo Teule,FRA,Active,
Eric Reuss,GER,Active,
Escriba Pol Yagües,ESP,Active,
Fabien Schapman,FRA,Active,
Fedor Matveev,RUS,Active,
Felix Bartels,GER,Active,
Ferran Julia Tous,ESP,Active,
Filip Polak,SVK,Active,
Florian Lafon,FRA,Active,
Francesco Bianchi,ITA,Active,
Frederik Bojesen,DEN,Active,
Frederik Jessen,DEN,Active,
Gauthier Pierron,FRA,Active,
Georgios Arniakos,GRE,Active,
Giuseppe Ilario,ITA,Active,
Guillaume Roux,FRA,Active,
Guy Moskovich,ISR,Active,
Hugo Chopineau,FRA,Active,
Hugo Savignac,FRA,Active,
Ibrahem Masarwey,ISR,Active,
Ilia Okorokov,RUS,Active,
Ioané Bourny,FRA,Active,
Isaac Dodds,GBR,Active,
Ivan Giovannoni,ITA,Active,
Jakov Igrec,CRO,Active,
Jakub Kacerovsky,CZE,Active,
Jakub Poliacik,SVK,Active,
Jan Adrian Urbaniak,POL,Active,
Jan Kutnik,CZE,Active,
Jan Micka,CZE,Active,
Jean-Baptiste Antonetti,FRA,Active,
Jérémie Herault,FRA,Active,
Jeremy Branger,FRA,Active,
Johan Boscher,FRA,Active,
Jorgos Skotadis,NED,Active,
Joris Bouchaut,FRA,Active,
Joshua Oliver Gultig,RSA,Active,
Joshua Tucker,RSA,Active,
Jules Remy,FRA,Active,
Julien Zinsmeister,FRA,Active,
Karel Baloun,CZE,Active,
Kirill Dolgov,RUS,Active,
Kristian Kron,SWE,Active,
Kyllian Lemarchand,FRA,Active,
Kyriakos Mavrakis,GRE,Active,
László Gálicz,HUN,Active,
Laurent Guillard,FRA,Active,
Leo Teule,FRA,Active,
Leonard Lajcuk,SVK,Active,
Levy Orr Horev,ISR,Active,
Lucas Bonnal,FRA,Active,
Mads Holm,DEN,Active,
Manuel Tome Sanles,ESP,Active,
Marco Sonntag,AUT,Active,
Marcos Godoy,ESP,Active,
Marek Pavuk,SVK,Active,
Mario Andre Bonanca,POR,Active,
Marko Tiidla,EST,Active,
Martin Dimitrov,CAN,Active,
Martin Straka,CZE,Active,
Martinez Marcos Godoy,ESP,Active,
Mateusz Sawrymowicz,POL,Active,
Mathieu Mattelaer,BEL,Active,
Mathieu Sahuc,FRA,Active,
Matija Luka Rafaj,CRO,Active,
Mats Baradat,FRA,Active,
Max Brandenstein,GER,Active,
Maxence Dessoit,FRA,Active,
Maxim Suk,CZE,Active,
Maxime MAETZ,FRA,Active,
Melvyn YERPES,FRA,Active,
Metehan Altuntop,TUR,Active,
Michael Denham,FRA,Active,
Mikhail Lipskii,RUS,Active,
Mlan Fábián,HUN,Active,
Muhammad Adam,RSA,Active,
Nicholas James Malan,RSA,Active,
Nicolas Ioannides,CYP,Active,
Nikita Arzibachev,ISR,Active,
Nikita Khotko,RUS,Active,
Nikita Nekrasov,RUS,Active,
Noam Franchi,FRA,Active,
Pablo Benitez Dominguez,ESP,Active,
Pablo Cordero,ESP,Active,
Pablo Subero,FRA,Active,
Patrick Hussey,CAN,Active,
Paul Lesprit,FRA,Active,
Paul Nitschke,GER,Active,
Peleg Lavi,ISR,Active,
Peter Gutyan,SVK,Active,
Peter Mandrup Madsen,DEN,Active,
Philippe Landriault,CAN,Active,
Pierre Bouchon,FRA,Active,
Planella Roger Coma,ESP,Active,
Raben Dommann,CAN,Active,
Enrique Gutierrez Ramirez,ESP,Active,
Reece Zowitsky,RSA,Active,
Refiloe Mashao,RSA,Active,
Richard Nagy,SVK,Active,
Roger Coma,ESP,Active,
Roger Rabassa Iglesias,ESP,Active,
Rok Pecar,SLO,Active,
Roman Kozhevnikov,RUS,Active,
Roman Sulev,RUS,Active,
Ruslan Sadykov,RUS,Active,
Samuel Pizzetti,ITA,Active,
Léonard Le Sand,FRA,Active,
Sean Pristin,ISR,Active,
Sébastien Chedru,FRA,Active,
Seppe Marichal,BEL,Active,
Seres Hunor Kovacs,HUN,Active,
Sergei Zhevlakov,RUS,Active,
Sergio Santisteban Romero,ESP,Active,
Severin MERCIER,FRA,Active,
Shai Grinberg,ISR,Active,
Soren Dellef Meissner,GER,Active,
Stepan Khachatrian,RUS,Active,
Stephanus J.L. Roodt,RSA,Active,
Szilard Galyassy,HUN,Active,
Tal Idelson,ISR,Active,
Tamas Novoszaith,HUN,Active,
Taylor Abbott,USA,Active,
Thomas Jansen,NED,Active,
Thomas Renaud,FRA,Active,
Tiago Silva Oliviera,POR,Active,
Tim Arnesen,SWE,Active,
Timothy Shuttleworth,GBR,Active,
Tom Lerno,FRA,Active,
Tom Waldeck,FRA,Active,
Valentin Duteil,FRA,Active,
Victor Coisnon,FRA,Active,
Victor Varoqui,FRA,Active,
Vladimir Muratov,RUS,Active,
Vladislav Utrobin,RUS,Active,
Walid Bouftini,FRA,Active,
Wielligh Reino Jan Von,RSA,Active,
Wielligh Reino Von,RSA,Active,
Xabier Carneiro,ESP,Active,
Zac Ellis,RSA,Active,
Zoltán Márk Tabi,HUN,Active,
Damien Cattin-Vidal,FRA,Active,
Benjamin Brantu,FRA,Active,
Sean Ryan,USA,Active,
Antonio Arroyo,ESP,Active,
Patrik Rakos,HUN,Active,
Roman Karyakin,RUS,Active,
Anis Cheniti,FRA,Active,
Juan Jose Segovia Ramos,VEN,Active,
Jingwei Weng,CHN,Active,
Andrew Gemmell,USA,Retired,
Erwin Maldonado,VEN,Active,
Jan Urbaniak,POL,Active,
Igor Snitko,UKR,Active,
Jack Alan Mcloughlin,AUS,Active,
Nico Manoussakis,RSA,Active,
Moritz Andreas Bartels,GER,Active,
Wenhao Wang,CHN,Active,
Lidou Han,CHN,Active,
Adam Kris Orosz,HUN,Active,
Matthias Schweinzer,AUT,Active,
Artem Podyakov,RUS,Active,
Yuuya Kataoka,JPN,Active,
Yann Corbel,FRA,Active,
Luis Fernardo Bolanos Zuloaga,VEN,Active,
Ivan Afanevich,RUS,Active,
Tomi Stefanovski,MKD,Active,
Miguel Armijos,ECU,Active,
Kane Rae Francis Radford,NZL,Active,
Thore Bermel,GER,Active,
Soon Choy Kevin Yeap,MAS,Active,
Phillip Ryan,NZL,Active,
Daniel Kober,GER,Active,
Haythem Abdelkhalek,TUN,Active,
Attila Kiss,HUN,Active,
Ziao Qiu,CHN,Active,
Xinjie Ji,CHN,Active,
Adel Elbehiry,EGY,Active,
Mlan FÃ¡biÃ¡n,HUN,Active,
Mathieu Mattelear,BEL,Active,
Gabriel Raul Villagoiz,ARG,Active,
Volodymyr Voronko,UKR,Active,
Pedro Pinotes,ANG,Active,
Tsz Hin Chan,HKG,Active,
Tamas Novoszath,HUN,Active,
Kosuke Mimura,JPN,Active,
Rudolf Visser,RSA,Active,
Gustavo Gutierrez,PER,Active,
Bence Balzam,SRB,Active,
Han Lidu,CHN,Active,
Jo Miyazawa,CHN,Active,
Vasco Gaspar,POR,Active,
Guillaume Boscher,FRA,Active,
Yifan Zhao,CHN,Active,
Hugo Ribeiro,POR,Active,
Youssef Hossameldeen Khalil Hossameldeen,EGY,Active,
Samir Botelho Barel,BRA,Active,
Frank Johan Ojarand,EST,Active,
Valentin Bernard,FRA,Active,
Francisco Eric Salinas,MEX,Active,
Troyden Prinsloo,RSA,Active,
Sebastian Karas,POL,Active,
Shuhei Matsumura,JPN,Active,
Alexandre Coutinho,POR,Active,
Gabriele Maria Mento,ITA,Active,
Simon Pastor,GER,Active,
San Ching Wong,HKG,Active,
Alfredo Villa Mejia,MEX,Active,
Edwin Seres,HUN,Active,
Mohamed Hegazy,EGY,Active,
Nicolas Seguardo,ARG,Active,
Emilio Avila,GUA,Active,
Ho Yat Winson Lee,HKG,Active,
Corentin Rabier,FRA,Active,
Antoine Chatelain-Laflamme,CAN,Active,
Matthew Lowe,BAH,Active,
Bartosz Kubkowski,POL,Active,
Isaias Vasquez Tavera,COL,Active,
Luciano Seguardo,ARG,Active,
Oskar Nordstrand,SWE,Active,
Timur Abzhanov,KAZ,Active,
Che-Yu Hsu,TPE,Active,
Omkumar Tokalkandiga Hemkumar,IND,Active,
Daniel Zachar,HUN,Active,
Xavier Theroux,CAN,Active,
Diogo Marques,POR,Active,
Tristan Filion,CAN,Active,
Said Saber,MAR,Active,
Allessio Matarazzo,ITA,Active,
Abdulla Ali Hatim Ali Murad Albalooshi,UAE,Active,
Fernando Dario Ciaramella,ARG,Active,
Aleksandar Pancevski,MKD,Active,
Laszlo Galicz,HUN,Active,
Eden Floresfertin,ISR,Active,
Yahav Damlin,ISR,Active,
Adam Oshmiansky,ISR,Active,
Netaniel Pushka,ISR,Active,
Ilay Ben-Peretz,ISR,Active,
Shon Tokrov,ISR,Active,
Yotam Warshavsky,ISR,Active,
Eshkol Mazor,ISR,Active,
Eli Bezman,ISR,Active,
Jonathan Rozenshtrakh,ISR,Active,
Alon Prizooselkis,ISR,Active,
Sagi Avni,ISR,Active,
Dekel Risin,ISR,Active,
Omer Lev,ISR,Active,
Orel Steinberg,ISR,Active,
Rotem Kamil,ISR,Active,
Rom Keinan,ISR,Active,
Dinadam Chen,ISR,Active,
Roei Carmeli,ISR,Active,
Eithan Diamond,ISR,Active,
Michael Astakhov,ISR,Active,
Liron Shuker,ISR,Active,
Eylon Tahar,ISR,Active,
Michael Smirnov,ISR,Active,
Omri Abdelshafi,ISR,Active,
Noam Offek,ISR,Active,
Ben Grinboim,ISR,Active,
Or Harel,ISR,Active,
Jonathan Bruno Rozenblat,ISR,Active,
Idan Angel,ISR,Active,
Ofir Dray,ISR,Active,
Yoav Marom,ISR,Active,
Adam Yudin,ISR,Active,
Egor Kostin,ISR,Active,
Lidan Kitchman,ISR,Active,
Amit Boyango,ISR,Active,
Itamar Sabti,ISR,Active,
Roy Adam,ISR,Active,
Ari Shatz,ISR,Active,
Noaam Farber,ISR,Active,
Ariel Molcho,ISR,Active,
Jay Lelliott,GBR,Active,
Jakub Tobias,CZE,Active,
Vincenzo Caso,ITA,Active,
Pasquale Giordano,ITA,Active,
Gaspard Tramier,FRA,Active,
Filippo Rinaldi,ITA,Active,
Andrade Villarinho,BRA,Active,
Alessio Sartoretto,ITA,Active,
Niccolo Ricciardi,ITA,Active,
Burhanettin Hacisagir,TUR,Active,
Tiziano Tripodi,ITA,Active,
Daniele Titta,ITA,Active,
Yori Lecomte,FRA,Active,
Oleksandr Oleksyshyn,UKR,Active,
Vincenzo Del Vecchio,ITA,Active,
Tommaso Griffante,ITA,Active,
Alessandro Gadani,ITA,Active,
Clement Mathieu,FRA,Active,
Atakan Ercan,TUR,Active,
Federico Marchi,ITA,Active,
Poyraz San Askin,TUR,Active,
Simon Barbieux,FRA,Active,
Andrea Zoppi,ITA,Active,
Ahmet Efe Soker,TUR,Active,
Alessandro Addis,ITA,Active,
Andrea Zanini,ITA,Active,
Ahmet Ege Guldag,TUR,Active,
Romaine Pourcel,FRA,Active,
Eliot Garoux,FRA,Active,
Giovanni Oriente,ITA,Active,
Rossi Rodolfo Marchetti,ITA,Active,
Giacomo Brogelli,ITA,Active,
Muhammed Yusuf Ozden,TUR,Active,
Danylo Chobanian,UKR,Active,
Gabriele Catalano,ITA,Active,
Dovukan Ulac,TUR,Active,
Cagatay Alper Ustununal,TUR,Active,
Lucas Falla,FRA,Active,
Giovanni Filippini,ITA,Active,
Eugenio Albini Riccioli,ITA,Active,
Maksym Klys,UKR,Active,
Kimani Bellanger,FRA,Active,
Niccol Lucchi,ITA,Active,
Guillermo Vittorio Bertola,ARG,Active,
Victor Hugo Ribeiro Colonese,BRA,Active,
David Farinango Berru,ECU,Active,
Jon Mckay,CAN,Active,
Ondrej Zach,CZE,Active,
Marek Matousek,CZE,Active,
Spyridon Andreadis,GRE,Active,
Denis Borovka,CZE,Active,
Joey Tepper,USA,Active,
Luiz Felipe Loureiro,BRA,Active,
Diego Vera Delgado,VEN,Active,
Mykhailo Romanchuk,UKR,Active,
Kyle Lee,AUS,Active,
Juan Manuel Morales,COL,Active,
Kaiki Furuhata,JPN,Active,
Gabriel Arteiro,BRA,Active,
Connor Buck,RSA,Active,
Ruan Breytenbach,RSA,Active,
Juan Alcivar,ECU,Active,
Alexander Axon,CAN,Active,
Pei-Chi Cho,TPE,Active,
Artyom Lukasevits,SGP,Active,
Jeison Rojas,CRC,Active,
Minseok Kim,KOR,Active,
Colin Babbitt,ECU,Active,
Changmin Lee,KOR,Active,
Anton-Theo Girlin,EST,Active,
Suabsakul Kumton,THA,Active,
Yongjin Choi,KOR,Active,
Anurag Singh,IND,Active,
Jahir Lopez,ECU,Active,
Paulo Strehlke Delgado,MEX,Active,
Joaquin Devoto,PER,Active,
Jamarr Andre Bruno,PUR,Active,
Diego Andrez Ortiz,PUR,Active,
Jinhou Zhang,CHN,Active,
Reilly James Kennedy,AUS,Active,
Byron John Kimber,AUS,Active,
Kilian Carrel,AUS,Active,
Thomas Edward Raymond,AUS,Active,
Gael Marcel Khalil,LBN,Active,
Valentin Jean-Claude Fernand Duteil,FRA,Active,
Joseph Deighan,GBR,Active,
Thomas Chocolaty,CZE,Active,
Thomas Peciar,SVK,Active,
Katic Dusan,SRB,Active,
Konstantinos Zachariadis,GRE,Active,
Ratkov Nikola,SRB,Active,
Boviez Santiago Facundo,ARG,Active,
Ruben Rees,AUS,Active,
Liam Clawson-Honeyman,CAN,Active,
Alexander Grätz,GER,Active,
Paul Pleifer,GER,Active,
Moritz Bockes,GER,Active,
Til Schmidt,GER,Active,
Noah Lerch,GER,Active,
Konrad Kozlowski,POL,Active,
Harry Hewitt,GBR,Active,
Dmytro Boiko,UKR,Active,
James Raw,GBR,Active,
Pedro Farias,BRA,Active,
Yonatan Ahdut,ISR,Active,
Piotr Wozniak,POL,Active,
Hunor Kovacs-Seres,HUN,Active,
Angel De Oña Ramirez,ESP,Active,
Kuu Motoyama,JPN,Active,
Maor Goralnik,ISR,Active,
Mate Hartmann,HUN,Active,
Robbe Dilissen,AUS,Active,
Esteban Enderica Salgado,ECU,Active,
Kai Graeme Edwards,AUS,Active,
Davide Marchello,ITA,Active,
Nathan Hughes,GBR,Active,
Adib Khalil,LBN,Active,
Michail Diasitis,GRE,Active,
Cristian Vidal,CUB,Active,
Diego Serida,PER,Active,
Allan Lopes Mamedio,BRA,Active,
Nector Segovia Arias,ESA,Active,
Merlin Boursier,FRA,Active,
Dimitrios Kaitatzis,GRE,Active,
Jose Saravia Reyes,GUA,Active,
David Marroquin,GUA,Active,
Tamir Romam,ISR,Active,
Omer Hava,ISR,Active,
Yohai Persman,ISR,Active,
Ilay Paz,ISR,Active,
Itay Arad,ISR,Active,
Yotam Eyal,ISR,Active,
Salah Aboamsha,ISR,Active,
Mishel Agronov,ISR,Active,
Seon Voronkov,ISR,Active,
Robert William Bonsall,AUS,Active,
Tamir Romam,ISR,Active,
Omer Hava,ISR,Active,
Yohai Persman,ISR,Active,
Ilay Paz,ISR,Active,
Itay Arad,ISR,Active,
Yotam Eyal,ISR,Active,
Salah Aboamsha,ISR,Active,
Mishel Agronov,ISR,Active,
Seon Voronkov,ISR,Active,
Robert William Bonsall,AUS,Active,
Tal Judah,ISR,Active,
Ioannis Skaris,GRE,Active,
Bernardo Gavioli,BRA,Active,
Matheus Melecchi,BRA,Active,
Ahmed Aly,EGY,Active,
Aly Hany Elsagheer,EGY,Active,
Moataz Hassan,EGY,Active,
Youssef Magdy,EGY,Active,
Nikita Fedotov,KAZ,Active,
Daniil Androssov,KAZ,Active,
Petar Stoychev,BUL,Retired,
Mihajlo Ristovski,MKD,Active,
Rafael Perez,ARG,Active,
Marcos Diaz,DOM,Active,
Andrés Solioz,ARG,Active,
Juan Pablo Espíndola,ARG,Active,
Juan Manuel Cordonier,ARG,Active,
Sebastiano Galessio,ITA,Active,
Ivan Puskovitch,USA,Active,
Federico Tamborrino,ITA,Active,
Carlos Garach,ESP,Active,
Lorenzo Cinquepalmi,ITA,Active,
Nik Peterlin,SLO,Active,
Giuseppe Di Piazza,ITA,Active,
Stefano Ghisolfo,ITA,Active,
Keith Sin Chin Ting,HKG,Active,
Tommaso Goglia,ITA,Active,
Andrea Badagliacco,ITA,Active,
Samuel Cekan,SVK,Active,
Tomas Pavelka,SVK,Active,
Gabriel Cutrupi,ITA,Active,
Ivan Cetina,CRO,Active,
Filippo Schifano,ITA,Active,
Jakub Gabriel,SVK,Active,
Jan Carda,CZE,Active,
Efe Isler,TUR,Active,
Denis O'Brien,IRL,Active,
Ronan Fahey,IRL,Active,
Saleh Mohammad,SYR,Active,
Mostafa Tarek,EGY,Active,
Luke Ellis,USA,Active,
Andrea D'Agostino,ITA,Active,
Luca Karl,AUT,Active,
Daniel Nemec,CZE,Active,
Thiago Ruffini,BRA,Active,
Vladimir Dyatchin,RUS,Retired,
Yuriy Kudinov,RUS,Retired,
Evgeny Koshkarov,RUS,Retired,
Mark Warkentin,USA,Retired,
Christian Hein,GER,Retired,
Fran Crippen,USA,Retired,
Maarten Van Der Weijden,NED,Retired,
Stéphane Gomez,FRA,Retired,
Daniel Katzir,ISR,Retired,
Luiz Lima,BRA,Retired,
Mohamed Monir El Zanaty,EGY,Retired,
John Flanagan,USA,Retired,
Pavel Vetkalov,RUS,Retired,
Daniel De Marco,USA,Retired,
Mazen Mohamed Aziz,EGY,Retired,
Glauco Oliveira Rangel,BRA,Retired,
Mohamed Gadallh,EGY,Retired,
Jose Belarmino De Souza Filho,BRA,Retired,
Raul Porto De Andrade Junior,BRA,Retired,
Israel Peressin Murat,BRA,Retired,
Fernando Dabdab,BRA,Retired,
Ricardo Kojima,BRA,Retired,
Gabriel Ferreira Curti,BRA,Retired,
Wellington Mota Silva,BRA,Retired,
Tiago Albert Schulz,BRA,Retired,
Bruno Yamamoto,BRA,Retired,
Tihomir Ivanchev,BUL,Retired,
Rodolfo Valenti,ITA,Retired,
Thomas Lurz,GER,Retired,
Francisco Jose Hervas Jodar,ESP,Retired,
Alex Schelvis,NED,Retired,
David Browne,AUS,Retired,
Luca Ferretti,ITA,Retired,
Ky Hurst,AUS,Retired,
Csaba Gercsak,HUN,Retired,
Ricardo Monasterio,VEN,Retired,
Artem Podyakov,RUS,Retired,
Scott Kaufmann,USA,Retired,
Jarrod Ballem,CAN,Retired,
Jakub Fichtl,CZE,Retired,
Diego Nogueira Montero,ESP,Retired,
Mario Pereira,BRA,Retired,
Kane Radford,NZL,Retired,
Balazs Gercsak,HUN,Retired,
Hu Di,CHN,Retired,
Kurt Niehaus,CRC,Retired,
Roberto Penailillo Garcia,CHI,Retired,
Kamel Emilio Tejeda Contreras,DOM,Retired,
Seraj Mouloud,LBA,Retired,
Brian Ryckeman,BEL,Retired,
Alan Bircher,GBR,Retired,
Rostislav Vitek,CZE,Retired,
Josh Santacaterina,AUS,Retired,
Valerio Cleri,ITA,Retired,
Andrea Righi,ITA,Retired,
David Creel,CAN,Retired,
Gilles Rondy,FRA,Retired,
Yinhan Li,CHN,Retired,
Luis Ricardo Escobar Torres,MEX,Retired,
Fabio Alves Lima,BRA,Retired,
Manuel Chiu,MEX,Retired,
Philippe Dubreuil,CAN,Retired,
Oleksandr Bezuglyy,UKR,Retired,
Gabriel Cayetano Enderica Ochoa,ECU,Retired,
Marco Formentini,ITA,Retired,
Andrea Volpini,ITA,Retired,
Anton Sanachev,RUS,Retired,
Sebastiaan Reynen,NED,Retired,
Brendan Capell,AUS,Retired,
Loic Branda,FRA,Retired,
Julien Sauvage,FRA,Retired,
David Genet,FRA,Retired,
Rok Kerin,SLO,Retired,
Simon Tobin­-Daignault,CAN,Retired,
Adel Elbehiry,EGY,Retired,
Fouad Shaikh Bakri,SYR,Retired,
Mohammed Jassim Alghareeb,KSA,Retired,
Arseniy Lavrentyev,POR,Retired,
Carlos Pavao,BRA,Retired,
Fernando Costa,POR,Retired,
Daniel Viegas,POR,Retired,
Aljaz Ojstersek,SLO,Retired,
Noa Sakamoto,USA,Retired,
Jonatan Florencio,ESP,Retired,
Shaun Dias,RSA,Retired,
Daniel Molina,ESP,Retired,
Simon Panting,GBR,Retired,
Rolando Salas,VEN,Retired,
Richard Charlesworth,GBR,Retired,
Kvetoslav Svoboda,CZE,Retired,
James Faure,RSA,Retired,
Luca Valeriani,ITA,Retired,
Marko Rafaj,CRO,Retired,
Jamie Forrest,GBR,Retired,
James Leitch,GBR,Retired,
Oliver Ptak,HUN,Retired,
Claudio Gargaro,ITA,Retired,
Filippo Pupulin,ITA,Retired,
Gabriel Raul Villagoiz,ARG,Retired,
Marc-André Leclerc,CAN,Retired,
Martin Andres Clement,ARG,Retired,
Libor Smolka,CZE,Retired,
Balazs Sasvari,HUN,Retired,
Miha Kern,SLO,Retired,
Johan Van Velthnyzen,USA,Retired,
Janos Demeter,SRB,Retired,
Leardo Callone,ITA,Retired,
Igor Dimovski,MKD,Retired,
Ilija Stojanovski,MKD,Retired,
Mathieu Leblanc,CAN,Retired,
Jérôme Couture,CAN,Retired,
Daniil Serebrennikov,RUS,Retired,
Nicola Bolzonello,ITA,Retired,
Mohamed El Znaty,EGY,Retired,
Wolfgang Mairinger,AUT,Retired,
Georgios Charcharis,GRE,Retired,
Ivan De Jesus Lopez Ramos,MEX,Retired,
Marcelo Romanelli Soares,BRA,Retired,
Charlton Lawson,RSA,Retired,
Dmitry Solovyev,RUS,Retired,
Ling Tin Yu,HKG,Retired,
Wei Liu,CHN,Retired,
Steven Roof,USA,Retired,
Shi Jing,CHN,Retired,
Enjian Zhang,CHN,Retired,
Wing Chung Tam,HKG,Retired,
Ho Yat Winson Lee,HKG,Retired,
David Meca Medina,ESP,Retired,
Ling Shi,CHN,Retired,
Di Hurst,CHN,Retired,
Rodrigo Elorza Vasquez,MEX,Retired,
Victor Pires Simoes,BRA,Retired,
Ioannis Mavrogenis,GRE,Active,
Nikola Simic,SRB,Active,
Andrej Karaskakovski,MKD,Active,
Tianchen Lan,CHN,Active,
Adrian Gustavo Ywanaga Papi,PER,Active,
Joshua Ashley,RSA,Active,
Christian Bayo,PUR,Active,
Junho Sung,KOR,Active,
Nikita Kornilov,UZB,Active,
Fernando Ponce,GUA,Active,
Benjamincote,CAN,Active,
Kaitotsujimori,JPN,Active,
Riku Ezawa,JPN,Active,
Sergii Frolov,UKR,Active,
Santiago Gutierrez,MEX,Active,
Prashans Manjunath Hiremagalur,IND,Active,
Army Pal,IND,Active,
Bartosz Kapala,POL,Active,
Jerzy Laris,POL,Active,
Yael Balz,GER,Active,
Noach Lerch,GER,Active,
Oliver Toth,HUN,Active,
Tommasso Griffante,ITA,Active,
Maximiliano Strehlke Delgado,MEX,Active,
Adam Rak,CZE,Active,
Tadeas Neliba,CZE,Active,
Jakob Feuchter,AUT,Active,
Richard Urban,SLO,Active,
Isak Vikstrom,SWE,Active,
Petar Cekov,MKD,Active,
Mihail Velkov,MKD,Active,
Gabriel Manteufel,USA,Active,
Luke Whitlock,USA,Active,
Mortiz Bockes,GER,Active,
Ryan Erisman,USA,Active,
Carlos Ortiz Martinez,ESP,Active,
Mauro Bobanovic,CRO,Active,
Rodolfo Javier Falcón Mojarrieta,CUB,Active,
Edhy Patricio Vargas Ronquillo,CHI,Active,
Juan Diego Nunez Barreras,DOM,Active,
Robert George Thorpe,AUS,Active,
Daniel Jervis,GBR,Active,
Ethan Parker,FRA,Active,
Emre Sarp Zeytinoglu,TUR,Active,
Christophe Maleau,FRA,Active,
Muhammed Eyup Oya,TUR,Active,
Angelos Christodoulou,GRE,Active,
Mevlut Efe Guler,TUR,Active,
Boran Atasoy,TUR,Active,
Abdulaziz Oruc,TUR,Active,
Lucas Ezequiel Alba,ARG,Active,
Henrique Figueirinha,BRA,Active,
Ratthawit Thammananthachote,THA,Active,
Jaan Pasko,EST,Active,
Sebeom Oh,KOR,Active,
Marin Mogic,CRO,Active,
Diego Dulieu,HON,Active,
Peixin Liu,CHN,Active,
Ilias El Fallaki,MAR,Active,
Navaphat Wongcharoen,THA,Active,
Rayven De Los Santos,DOM,Active,
Sheldon Jon Heng Tan,SGP,Active,
