country,code,continent,flag
Afghanistan,AFG,Asia,https://www.sciencekids.co.nz/pictures/flags.html../images/pictures/flags96/Afghanistan.jpg
Anguilla,AGU,Americas,
Albania,ALB,Europe,https://www.sciencekids.co.nz/pictures/flags.html../images/pictures/flags96/Albania.jpg
Algeria,ALG,Africa,https://www.sciencekids.co.nz/pictures/flags.html../images/pictures/flags96/Algeria.jpg
Andorra,AND,Europe,https://www.sciencekids.co.nz/pictures/flags.html../images/pictures/flags96/Andorra.jpg
Angola,ANG,Africa,https://www.sciencekids.co.nz/pictures/flags.html../images/pictures/flags96/Angola.jpg
Antigua and Barbuda,ANT,Americas,https://www.sciencekids.co.nz/pictures/flags.html../images/pictures/flags96/Antigua_and_Barbuda.jpg
Argentina,ARG,Americas,https://www.sciencekids.co.nz/pictures/flags.html../images/pictures/flags96/Argentina.jpg
Armenia,ARM,Europe,https://www.sciencekids.co.nz/pictures/flags.html../images/pictures/flags96/Armenia.jpg
Aruba,ARU,Americas,
American Samoa,ASA,Oceania,https://www.sciencekids.co.nz/pictures/flags.html../images/pictures/flags96/Samoa.jpg
Australia,AUS,Oceania,https://www.sciencekids.co.nz/pictures/flags.html../images/pictures/flags96/Australia.jpg
Austria,AUT,Europe,https://www.sciencekids.co.nz/pictures/flags.html../images/pictures/flags96/Austria.jpg
Azerbaijan,AZE,Europe,https://www.sciencekids.co.nz/pictures/flags.html../images/pictures/flags96/Azerbaijan.jpg
Bahamas,BAH,Americas,https://www.sciencekids.co.nz/pictures/flags.html../images/pictures/flags96/Bahamas.jpg
Bangladesh,BAN,Asia,https://www.sciencekids.co.nz/pictures/flags.html../images/pictures/flags96/Bangladesh.jpg
Barbados,BAR,Americas,https://www.sciencekids.co.nz/pictures/flags.html../images/pictures/flags96/Barbados.jpg
Burundi,BDI,Africa,https://www.sciencekids.co.nz/pictures/flags.html../images/pictures/flags96/Burundi.jpg
Belgium,BEL,Europe,https://www.sciencekids.co.nz/pictures/flags.html../images/pictures/flags96/Belgium.jpg
Benin,BEN,Africa,https://www.sciencekids.co.nz/pictures/flags.html../images/pictures/flags96/Benin.jpg
Bermuda,BER,Americas,https://www.sciencekids.co.nz/pictures/flags.html../images/pictures/flags96/Bermuda.jpg
Bosnia and Herzegovina,BIH,Europe,https://www.sciencekids.co.nz/pictures/flags.html../images/pictures/flags96/Bosnia_and_Herzegovina.jpg
Belize,BIZ,Americas,https://www.sciencekids.co.nz/pictures/flags.html../images/pictures/flags96/Belize.jpg
Bhutan,BHU,Asia,https://www.sciencekids.co.nz/pictures/flags.html../images/pictures/flags96/Bhutan.jpg
Belarus,BLR,Europe,https://www.sciencekids.co.nz/pictures/flags.html../images/pictures/flags96/Belarus.jpg
Bolivia,BOL,Americas,https://www.sciencekids.co.nz/pictures/flags.html../images/pictures/flags96/Bolivia.jpg
Botswana,BOT,Africa,https://www.sciencekids.co.nz/pictures/flags.html../images/pictures/flags96/Botswana.jpg
Brazil,BRA,Americas,https://www.sciencekids.co.nz/pictures/flags.html../images/pictures/flags96/Brazil.jpg
Bahrain,BRN,Asia,https://www.sciencekids.co.nz/pictures/flags.html../images/pictures/flags96/Bahrain.jpg
Brunei,BRU,Asia,https://www.sciencekids.co.nz/pictures/flags.html../images/pictures/flags96/Brunei.jpg
Bulgaria,BUL,Europe,https://www.sciencekids.co.nz/pictures/flags.html../images/pictures/flags96/Bulgaria.jpg
Burkina Faso,BUR,Africa,https://www.sciencekids.co.nz/pictures/flags.html../images/pictures/flags96/Burkina_Faso.jpg
Central African Republic,CAF,Africa,https://www.sciencekids.co.nz/pictures/flags.html../images/pictures/flags96/Central_African_Republic.jpg
Cambodia,CAM,Asia,https://www.sciencekids.co.nz/pictures/flags.html../images/pictures/flags96/Cambodia.jpg
Canada,CAN,Americas,https://www.sciencekids.co.nz/pictures/flags.html../images/pictures/flags96/Canada.jpg
Cayman Islands,CAY,Americas,https://www.sciencekids.co.nz/pictures/flags.html../images/pictures/flags96/Cayman_Islands.jpg
Congo,CGO,Africa,https://www.sciencekids.co.nz/pictures/flags.html../images/pictures/flags96/Democratic_Republic_of_the_Congo.jpg
Chad,CHA,Africa,https://www.sciencekids.co.nz/pictures/flags.html../images/pictures/flags96/Chad.jpg
Chile,CHI,Americas,https://www.sciencekids.co.nz/pictures/flags.html../images/pictures/flags96/Chile.jpg
China,CHN,Asia,https://www.sciencekids.co.nz/pictures/flags.html../images/pictures/flags96/China.jpg
Côte d'Ivoire,CIV,Africa,https://www.sciencekids.co.nz/pictures/flags.html../images/pictures/flags96/Ivorycoast.jpg
Cameroon,CMR,Africa,https://www.sciencekids.co.nz/pictures/flags.html../images/pictures/flags96/Cameroon.jpg
DR Congo,COD,Africa,https://www.sciencekids.co.nz/pictures/flags.html../images/pictures/flags96/Democratic_Republic_of_the_Congo.jpg
Cook Islands,COK,Oceania,https://www.sciencekids.co.nz/pictures/flags.html../images/pictures/flags96/Cook_Islands.jpg
Colombia,COL,Americas,https://www.sciencekids.co.nz/pictures/flags.html../images/pictures/flags96/Colombia.jpg
Comoros,COM,Africa,https://www.sciencekids.co.nz/pictures/flags.html../images/pictures/flags96/Comoros.jpg
Cape Verde,CPV,Africa,https://www.sciencekids.co.nz/pictures/flags.html../images/pictures/flags96/Cape_Verde.jpg
Costa Rica,CRC,Americas,https://www.sciencekids.co.nz/pictures/flags.html../images/pictures/flags96/Costa_Rica.jpg
Croatia,CRO,Europe,https://www.sciencekids.co.nz/pictures/flags.html../images/pictures/flags96/Croatia.jpg
Cuba,CUB,Americas,https://www.sciencekids.co.nz/pictures/flags.html../images/pictures/flags96/Cuba.jpg
Curaçao,CUR,Americas,
Cyprus,CYP,Europe,https://www.sciencekids.co.nz/pictures/flags.html../images/pictures/flags96/Cyprus.jpg
Czech Republic,CZE,Europe,https://www.sciencekids.co.nz/pictures/flags.html../images/pictures/flags96/Czech_Republic.jpg
Denmark,DEN,Europe,https://www.sciencekids.co.nz/pictures/flags.html../images/pictures/flags96/Denmark.jpg
Djibouti,DJI,Africa,https://www.sciencekids.co.nz/pictures/flags.html../images/pictures/flags96/Djibouti.jpg
Dominica,DMA,Americas,https://www.sciencekids.co.nz/pictures/flags.html../images/pictures/flags96/Dominica.jpg
Dominican Republic,DOM,Americas,https://www.sciencekids.co.nz/pictures/flags.html../images/pictures/flags96/Dominican_Republic.jpg
Ecuador,ECU,Americas,https://www.sciencekids.co.nz/pictures/flags.html../images/pictures/flags96/Ecuador.jpg
Egypt,EGY,Africa,https://www.sciencekids.co.nz/pictures/flags.html../images/pictures/flags96/Egypt.jpg
Eritrea,ERI,Africa,https://www.sciencekids.co.nz/pictures/flags.html../images/pictures/flags96/Eritrea.jpg
El Salvador,ESA,Americas,https://www.sciencekids.co.nz/pictures/flags.html../images/pictures/flags96/El_Salvador.jpg
Spain,ESP,Europe,https://www.sciencekids.co.nz/pictures/flags.html../images/pictures/flags96/Spain.jpg
Estonia,EST,Europe,https://www.sciencekids.co.nz/pictures/flags.html../images/pictures/flags96/Estonia.jpg
Ethiopia,ETH,Africa,https://www.sciencekids.co.nz/pictures/flags.html../images/pictures/flags96/Ethiopia.jpg
Faroe Islands,FAR,Europe,
Fiji,FIJ,Oceania,https://www.sciencekids.co.nz/pictures/flags.html../images/pictures/flags96/Fiji.jpg
Finland,FIN,Europe,https://www.sciencekids.co.nz/pictures/flags.html../images/pictures/flags96/Finland.jpg
France,FRA,Europe,https://www.sciencekids.co.nz/pictures/flags.html../images/pictures/flags96/France.jpg
Federated States of Micronesia,FSM,Oceania,
Gabon,GAB,Africa,https://www.sciencekids.co.nz/pictures/flags.html../images/pictures/flags96/Gabon.jpg
Gambia,GAM,Africa,
Great Britain,GBR,Europe,https://www.sciencekids.co.nz/pictures/flags.html../images/pictures/flags96/United_Kingdom.jpg
Guinea-Bissau,GBS,Africa,https://www.sciencekids.co.nz/pictures/flags.html../images/pictures/flags96/Guinea-Bissau.jpg
Georgia,GEO,Europe,https://www.sciencekids.co.nz/pictures/flags.html../images/pictures/flags96/Georgia.jpg
Equatorial Guinea,GEQ,Africa,https://www.sciencekids.co.nz/pictures/flags.html../images/pictures/flags96/Equatorial_Guinea.jpg
Germany,GER,Europe,https://www.sciencekids.co.nz/pictures/flags.html../images/pictures/flags96/Germany.jpg
Ghana,GHA,Africa,https://www.sciencekids.co.nz/pictures/flags.html../images/pictures/flags96/Ghana.jpg
Gibraltar,GIB,Europe,
Greece,GRE,Europe,https://www.sciencekids.co.nz/pictures/flags.html../images/pictures/flags96/Greece.jpg
Grenada,GRN,Americas,https://www.sciencekids.co.nz/pictures/flags.html../images/pictures/flags96/Grenada.jpg
Guatemala,GUA,Americas,https://www.sciencekids.co.nz/pictures/flags.html../images/pictures/flags96/Guatemala.jpg
Guinea,GUI,Africa,https://www.sciencekids.co.nz/pictures/flags.html../images/pictures/flags96/Guinea.jpg
Guam,GUM,Oceania,https://www.sciencekids.co.nz/pictures/flags.html../images/pictures/flags96/Guam.jpg
Guyana,GUY,Americas,https://www.sciencekids.co.nz/pictures/flags.html../images/pictures/flags96/Guyana.jpg
Haiti,HAI,Americas,https://www.sciencekids.co.nz/pictures/flags.html../images/pictures/flags96/Haiti.jpg
Hong Kong,HKG,Asia,https://www.sciencekids.co.nz/pictures/flags.html../images/pictures/flags96/Hong_Kong.jpg
Honduras,HON,Americas,https://www.sciencekids.co.nz/pictures/flags.html../images/pictures/flags96/Honduras.jpg
Hungary,HUN,Europe,https://www.sciencekids.co.nz/pictures/flags.html../images/pictures/flags96/Hungary.jpg
Indonesia,INA,Asia,https://www.sciencekids.co.nz/pictures/flags.html../images/pictures/flags96/Indonesia.jpg
India,IND,Asia,https://www.sciencekids.co.nz/pictures/flags.html../images/pictures/flags96/India.jpg
Iran,IRI,Asia,https://www.sciencekids.co.nz/pictures/flags.html../images/pictures/flags96/Iran.jpg
Ireland,IRL,Europe,https://www.sciencekids.co.nz/pictures/flags.html../images/pictures/flags96/Ireland.jpg
Iraq,IRQ,Asia,https://www.sciencekids.co.nz/pictures/flags.html../images/pictures/flags96/Iraq.jpg
Iceland,ISL,Europe,https://www.sciencekids.co.nz/pictures/flags.html../images/pictures/flags96/Iceland.jpg
Israel,ISR,Europe,https://www.sciencekids.co.nz/pictures/flags.html../images/pictures/flags96/Israel.jpg
Virgin Islands[6],ISV,Americas,
Italy,ITA,Europe,https://www.sciencekids.co.nz/pictures/flags.html../images/pictures/flags96/Italy.jpg
British Virgin Islands,IVB,Americas,
Jamaica,JAM,Americas,https://www.sciencekids.co.nz/pictures/flags.html../images/pictures/flags96/Jamaica.jpg
Jordan,JOR,Asia,https://www.sciencekids.co.nz/pictures/flags.html../images/pictures/flags96/Jordan.jpg
Japan,JPN,Asia,https://www.sciencekids.co.nz/pictures/flags.html../images/pictures/flags96/Japan.jpg
Kazakhstan,KAZ,Asia,https://www.sciencekids.co.nz/pictures/flags.html../images/pictures/flags96/Kazakhstan.jpg
Kenya,KEN,Africa,https://www.sciencekids.co.nz/pictures/flags.html../images/pictures/flags96/Kenya.jpg
Kyrgyzstan,KGZ,Asia,https://www.sciencekids.co.nz/pictures/flags.html../images/pictures/flags96/Kyrgyzstan.jpg
South Korea,KOR,Asia,https://www.sciencekids.co.nz/pictures/flags.html../images/pictures/flags96/South_Korea.jpg
Kosovo,KOS,Europe,
Saudi Arabia,KSA,Asia,https://www.sciencekids.co.nz/pictures/flags.html../images/pictures/flags96/Saudi_Arabia.jpg
Kuwait,KUW,Asia,https://www.sciencekids.co.nz/pictures/flags.html../images/pictures/flags96/Kuwait.jpg
Laos,LAO,Asia,https://www.sciencekids.co.nz/pictures/flags.html../images/pictures/flags96/Laos.jpg
Latvia,LAT,Europe,https://www.sciencekids.co.nz/pictures/flags.html../images/pictures/flags96/Latvia.jpg
Libya,LBA,Africa,https://www.sciencekids.co.nz/pictures/flags.html../images/pictures/flags96/Libya.jpg
Lebanon,LBN,Asia,https://www.sciencekids.co.nz/pictures/flags.html../images/pictures/flags96/Lebanon.jpg
Liberia,LBR,Africa,https://www.sciencekids.co.nz/pictures/flags.html../images/pictures/flags96/Liberia.jpg
Saint Lucia,LCA,Americas,https://www.sciencekids.co.nz/pictures/flags.html../images/pictures/flags96/Saint_Lucia.jpg
Lesotho,LES,Africa,https://www.sciencekids.co.nz/pictures/flags.html../images/pictures/flags96/Lesotho.jpg
Liechtenstein,LIE,Europe,https://www.sciencekids.co.nz/pictures/flags.html../images/pictures/flags96/Liechtenstein.jpg
Lithuania,LTU,Europe,https://www.sciencekids.co.nz/pictures/flags.html../images/pictures/flags96/Lithuania.jpg
Luxembourg,LUX,Europe,https://www.sciencekids.co.nz/pictures/flags.html../images/pictures/flags96/Luxembourg.jpg
Sint Maarten,MAA,Americas,
Macau,MAC,Asia,
Madagascar,MAD,Africa,https://www.sciencekids.co.nz/pictures/flags.html../images/pictures/flags96/Madagascar.jpg
Morocco,MAR,Africa,https://www.sciencekids.co.nz/pictures/flags.html../images/pictures/flags96/Morocco.jpg
Malaysia,MAS,Asia,https://www.sciencekids.co.nz/pictures/flags.html../images/pictures/flags96/Malaysia.jpg
Malawi,MAW,Africa,https://www.sciencekids.co.nz/pictures/flags.html../images/pictures/flags96/Malawi.jpg
Moldova,MDA,Europe,https://www.sciencekids.co.nz/pictures/flags.html../images/pictures/flags96/Moldova.jpg
Maldives,MDV,Asia,https://www.sciencekids.co.nz/pictures/flags.html../images/pictures/flags96/Maldives.jpg
Mexico,MEX,Americas,https://www.sciencekids.co.nz/pictures/flags.html../images/pictures/flags96/Mexico.jpg
Mongolia,MGL,Asia,https://www.sciencekids.co.nz/pictures/flags.html../images/pictures/flags96/Mongolia.jpg
Marshall Islands,MHL,Oceania,
North Macedonia,MKD,Europe,https://www.sciencekids.co.nz/pictures/flags.html../images/pictures/flags96/Macedonia.jpg
Mali,MLI,Africa,https://www.sciencekids.co.nz/pictures/flags.html../images/pictures/flags96/Mali.jpg
Malta,MLT,Europe,https://www.sciencekids.co.nz/pictures/flags.html../images/pictures/flags96/Malta.jpg
Montenegro,MNE,Europe,https://www.sciencekids.co.nz/pictures/flags.html../images/pictures/flags96/Montenegro.jpg
Monaco,MON,Europe,https://www.sciencekids.co.nz/pictures/flags.html../images/pictures/flags96/Monaco.jpg
Mozambique,MOZ,Africa,https://www.sciencekids.co.nz/pictures/flags.html../images/pictures/flags96/Mozambique.jpg
Mauritius,MRI,Africa,https://www.sciencekids.co.nz/pictures/flags.html../images/pictures/flags96/Mauritius.jpg
Mauritania,MTN,Africa,https://www.sciencekids.co.nz/pictures/flags.html../images/pictures/flags96/Mauritania.jpg
Myanmar,MYA,Asia,https://www.sciencekids.co.nz/pictures/flags.html../images/pictures/flags96/Myanmar.jpg
Namibia,NAM,Africa,https://www.sciencekids.co.nz/pictures/flags.html../images/pictures/flags96/Namibia.jpg
Nicaragua,NCA,Americas,https://www.sciencekids.co.nz/pictures/flags.html../images/pictures/flags96/Nicaragua.jpg
Netherlands,NED,Europe,https://www.sciencekids.co.nz/pictures/flags.html../images/pictures/flags96/Netherlands.jpg
Nepal,NEP,Asia,https://www.sciencekids.co.nz/pictures/flags.html../images/pictures/flags96/Nepal.jpg
Nigeria,NGR,Africa,https://www.sciencekids.co.nz/pictures/flags.html../images/pictures/flags96/Nigeria.jpg
Niger,NIG,Africa,https://www.sciencekids.co.nz/pictures/flags.html../images/pictures/flags96/Niger.jpg
Northern Mariana Islands,NMA,Oceania,
Norway,NOR,Europe,https://www.sciencekids.co.nz/pictures/flags.html../images/pictures/flags96/Norway.jpg
New Zealand,NZL,Oceania,https://www.sciencekids.co.nz/pictures/flags.html../images/pictures/flags96/New_Zealand.jpg
Oman,OMA,Asia,https://www.sciencekids.co.nz/pictures/flags.html../images/pictures/flags96/Oman.jpg
Pakistan,PAK,Asia,https://www.sciencekids.co.nz/pictures/flags.html../images/pictures/flags96/Pakistan.jpg
Panama,PAN,Americas,https://www.sciencekids.co.nz/pictures/flags.html../images/pictures/flags96/Panama.jpg
Paraguay,PAR,Americas,https://www.sciencekids.co.nz/pictures/flags.html../images/pictures/flags96/Paraguay.jpg
Peru,PER,Americas,https://www.sciencekids.co.nz/pictures/flags.html../images/pictures/flags96/Peru.jpg
Philippines,PHI,Asia,https://www.sciencekids.co.nz/pictures/flags.html../images/pictures/flags96/Philippines.jpg
Palestine,PLE,Asia,https://www.sciencekids.co.nz/pictures/flags.html../images/pictures/flags96/Palestine.jpg
Palau,PLW,Oceania,https://www.sciencekids.co.nz/pictures/flags.html../images/pictures/flags96/Palau.jpg
Papua New Guinea,PNG,Oceania,https://www.sciencekids.co.nz/pictures/flags.html../images/pictures/flags96/Papua_New_Guinea.jpg
Poland,POL,Europe,https://www.sciencekids.co.nz/pictures/flags.html../images/pictures/flags96/Poland.jpg
Portugal,POR,Europe,https://www.sciencekids.co.nz/pictures/flags.html../images/pictures/flags96/Portugal.jpg
North Korea,PRK,Asia,https://www.sciencekids.co.nz/pictures/flags.html../images/pictures/flags96/North_Korea.jpg
Puerto Rico,PUR,Americas,https://www.sciencekids.co.nz/pictures/flags.html../images/pictures/flags96/Puerto_Rico.jpg
Qatar,QAT,Asia,https://www.sciencekids.co.nz/pictures/flags.html../images/pictures/flags96/Qatar.jpg
Romania,ROU,Europe,https://www.sciencekids.co.nz/pictures/flags.html../images/pictures/flags96/Romania.jpg
South Africa,RSA,Africa,https://www.sciencekids.co.nz/pictures/flags.html../images/pictures/flags96/South_Africa.jpg
Russia,RUS,Europe,https://www.sciencekids.co.nz/pictures/flags.html../images/pictures/flags96/Russia.jpg
Rwanda,RWA,Africa,https://www.sciencekids.co.nz/pictures/flags.html../images/pictures/flags96/Rwanda.jpg
Samoa,SAM,Oceania,https://www.sciencekids.co.nz/pictures/flags.html../images/pictures/flags96/Samoa.jpg
Senegal,SEN,Africa,https://www.sciencekids.co.nz/pictures/flags.html../images/pictures/flags96/Senegal.jpg
Seychelles,SEY,Africa,https://www.sciencekids.co.nz/pictures/flags.html../images/pictures/flags96/Seychelles.jpg
Saint Kitts and Nevis,SKN,Americas,https://www.sciencekids.co.nz/pictures/flags.html../images/pictures/flags96/Saint_Kitts_and_Nevis.jpg
Sierra Leone,SLE,Africa,https://www.sciencekids.co.nz/pictures/flags.html../images/pictures/flags96/Sierra_Leone.jpg
Slovenia,SLO,Europe,https://www.sciencekids.co.nz/pictures/flags.html../images/pictures/flags96/Slovenia.jpg
San Marino,SMR,Europe,https://www.sciencekids.co.nz/pictures/flags.html../images/pictures/flags96/San_Marino.jpg
Solomon Islands,SOL,Oceania,https://www.sciencekids.co.nz/pictures/flags.html../images/pictures/flags96/Solomon_Islands.jpg
Somalia,SOM,Africa,https://www.sciencekids.co.nz/pictures/flags.html../images/pictures/flags96/Somalia.jpg
Singapore,SGP,Asia,https://www.sciencekids.co.nz/pictures/flags.html../images/pictures/flags96/Singapore.jpg
Serbia,SRB,Europe,https://www.sciencekids.co.nz/pictures/flags.html../images/pictures/flags96/Serbia.jpg
Sri Lanka,SRI,Asia,https://www.sciencekids.co.nz/pictures/flags.html../images/pictures/flags96/Sri_Lanka.jpg
Sudan,SUD,Africa,https://www.sciencekids.co.nz/pictures/flags.html../images/pictures/flags96/Sudan.jpg
Switzerland,SUI,Europe,https://www.sciencekids.co.nz/pictures/flags.html../images/pictures/flags96/Switzerland.jpg
Suriname,SUR,Americas,https://www.sciencekids.co.nz/pictures/flags.html../images/pictures/flags96/Suriname.jpg
Slovakia,SVK,Europe,https://www.sciencekids.co.nz/pictures/flags.html../images/pictures/flags96/Slovakia.jpg
Sweden,SWE,Europe,https://www.sciencekids.co.nz/pictures/flags.html../images/pictures/flags96/Sweden.jpg
Swaziland,SWZ,Africa,https://www.sciencekids.co.nz/pictures/flags.html../images/pictures/flags96/Swaziland.jpg
Syrian Arab Republic,SYR,Asia,
United Republic of Tanzania,TAN,Africa,https://www.sciencekids.co.nz/pictures/flags.html../images/pictures/flags96/Tanzania.jpg
Turks and Caicos Islands,TCN,Americas,
Tonga,TGA,Oceania,https://www.sciencekids.co.nz/pictures/flags.html../images/pictures/flags96/Tonga.jpg
Thailand,THA,Asia,https://www.sciencekids.co.nz/pictures/flags.html../images/pictures/flags96/Thailand.jpg
Tajikistan,TJK,Asia,https://www.sciencekids.co.nz/pictures/flags.html../images/pictures/flags96/Tajikistan.jpg
Turkmenistan,TKM,Asia,https://www.sciencekids.co.nz/pictures/flags.html../images/pictures/flags96/Turkmenistan.jpg
Timor-Leste,TLS,Asia,
Togo,TOG,Africa,https://www.sciencekids.co.nz/pictures/flags.html../images/pictures/flags96/Togo.jpg
Chinese Taipei,TPE,Asia,https://www.fina.org/resources/v1.10.0/i/elements/flags/tpe.png
Trinidad and Tobago,TTO,Americas,https://www.sciencekids.co.nz/pictures/flags.html../images/pictures/flags96/Trinidad_and_Tobago.jpg
Tunisia,TUN,Africa,https://www.sciencekids.co.nz/pictures/flags.html../images/pictures/flags96/Tunisia.jpg
Turkey,TUR,Europe,https://www.sciencekids.co.nz/pictures/flags.html../images/pictures/flags96/Turkey.jpg
United Arab Emirates,UAE,Asia,https://www.sciencekids.co.nz/pictures/flags.html../images/pictures/flags96/United_Arab_Emirates.jpg
Uganda,UGA,Africa,https://www.sciencekids.co.nz/pictures/flags.html../images/pictures/flags96/Uganda.jpg
Ukraine,UKR,Europe,https://www.sciencekids.co.nz/pictures/flags.html../images/pictures/flags96/Ukraine.jpg
Uruguay,URU,Americas,https://www.sciencekids.co.nz/pictures/flags.html../images/pictures/flags96/Uruguay.jpg
United States of America,USA,Americas,https://www.sciencekids.co.nz/pictures/flags.html../images/pictures/flags96/United_States.jpg
United States,USA,Americas,https://www.sciencekids.co.nz/pictures/flags.html../images/pictures/flags96/United_States.jpg
USA,USA,Americas,https://www.sciencekids.co.nz/pictures/flags.html../images/pictures/flags96/United_States.jpg
Uzbekistan,UZB,Asia,https://www.sciencekids.co.nz/pictures/flags.html../images/pictures/flags96/Uzbekistan.jpg
Vanuatu,VAN,Oceania,https://www.sciencekids.co.nz/pictures/flags.html../images/pictures/flags96/Vanuatu.jpg
Venezuela,VEN,Americas,https://www.sciencekids.co.nz/pictures/flags.html../images/pictures/flags96/Venezuela.jpg
Vietnam,VIE,Asia,https://www.sciencekids.co.nz/pictures/flags.html../images/pictures/flags96/Vietnam.jpg
Saint Vincent and the Grenadines,VIN,Americas,https://www.sciencekids.co.nz/pictures/flags.html../images/pictures/flags96/Saint_Vincent_and_the_Grenadines.jpg
Yemen,YEM,Asia,https://www.sciencekids.co.nz/pictures/flags.html../images/pictures/flags96/Yemen.jpg
Zambia,ZAM,Africa,https://www.sciencekids.co.nz/pictures/flags.html../images/pictures/flags96/Zambia.jpg
Zimbabwe,ZIM,Africa,https://www.sciencekids.co.nz/pictures/flags.html../images/pictures/flags96/Zimbabwe.jpg
,,,
ITALIAN SWIMMING FEDERATION,ITA,,
BELGIUM SWIMMING FEDERATION,BEL,,
GERMAN SWIMMING FEDERATION,GER,,
FRENCH SWIMMING FEDERATION,FRA,,
HUNGARIAN SWIMMING FEDERATION,HUN,,
SELECCION NACIONAL ESPAÑOLA,ESP,,
SLOVAK SWIMMING FEDERATION,SLO,,
HELLENIC SWIMMING FEDERATION,GRE,,
DUCH SWIMMING FEDERATION,NED,,
UNITED STATES,USA,,
Macedonia,MKD,,https://www.sciencekids.co.nz/pictures/flags.html../images/pictures/flags96/Macedonia.jpg
FRENCH,FRA,,
SWEEDEN,SWE,,
italiy,ITA,,
Czech,CZE,,
