,name,days,from,to
0,Ana Marcela Cunha,1370,03/17/2018,12/15/2021
1,Leonie Beck,254,12/16/2021,08/26/2022
2,Rachele Bruni,99,01/01/2017,04/09/2017
3,Arianna Bridi,85,07/21/2017,10/13/2017
4,Leonie Beck,82,11/12/2022,02/01/2023
5,Ana Marcela Cunha,79,10/14/2017,12/31/2017
6,Sharon Van Rouwendaal,77,08/27/2022,11/11/2022
7,Arianna Bridi,75,04/10/2017,06/23/2017
8,Arianna Bridi,75,01/01/2018,03/16/2018
9,Leonie Beck,46,03/16/2023,04/30/2023
10,Sharon Van Rouwendaal,42,02/02/2023,03/15/2023
11,Rachele Bruni,22,06/24/2017,07/15/2017
12,Arianna Bridi,3,07/16/2017,07/18/2017
13,Aurelie Muller,2,07/19/2017,07/20/2017
